{
  "housing": {
    "years": [
      1980,
      1981,
      1982,
      1983,
      1984,
      1985,
      1986,
      1987,
      1988,
      1989,
      1990,
      1991,
      1992,
      1993,
      1994,
      1995,
      1996,
      1997,
      1998,
      1999,
      2000,
      2001,
      2002,
      2003,
      2004,
      2005,
      2006,
      2007,
      2008,
      2009,
      2010,
      2011,
      2012,
      2013,
      2014,
      2015,
      2016,
      2017,
      2018,
      2019,
      2020,
      2021,
      2022,
      2023,
      2024,
      2025
    ],
    "price_to_income": [
      NaN,
      NaN,
      NaN,
      NaN,
      1.2942734193975505,
      1.3448107844729575,
      1.3782302270947533,
      1.51430781129157,
      1.6889298326424076,
      1.7814009661835748,
      1.8933374083129584,
      1.888871399338895,
      1.896524361212506,
      1.9936204146730463,
      2.0514439008994794,
      1.9883756500458856,
      2.0651190835091953,
      2.141169521559362,
      2.168091168091168,
      2.1867185329258128,
      2.3025491015461763,
      2.4047585327857246,
      2.6941747572815533,
      2.654109589041096,
      3.0398742318136343,
      3.2718829158457643,
      3.4474599860821153,
      3.525544445966306,
      3.3167895632444697,
      2.9741686884544025,
      3.2578193510669395,
      3.365969440735796,
      3.537091988130564,
      3.6940671908506078,
      3.984940631335071,
      3.9730732243440032,
      3.977182276465906,
      4.081606048755051,
      4.27027027027027,
      3.7593081912082633,
      4.032851189016916,
      4.368155530946229,
      5.20125786163522,
      5.188051759583988,
      5.097336677415502,
      NaN
    ]
  },
  "healthcare": {
    "years": [
      1980,
      1981,
      1982,
      1983,
      1984,
      1985,
      1986,
      1987,
      1988,
      1989,
      1990,
      1991,
      1992,
      1993,
      1994,
      1995,
      1996,
      1997,
      1998,
      1999,
      2000,
      2001,
      2002,
      2003,
      2004,
      2005,
      2006,
      2007,
      2008,
      2009,
      2010,
      2011,
      2012,
      2013,
      2014,
      2015,
      2016,
      2017,
      2018,
      2019,
      2020,
      2021,
      2022,
      2023,
      2024,
      2025
    ],
    "medical_indexed": [
      100.0,
      110.08403361344537,
      123.52941176470588,
      137.11484593837534,
      145.65826330532212,
      154.34173669467785,
      165.266106442577,
      177.45098039215685,
      188.23529411764704,
      201.40056022408965,
      218.48739495798318,
      239.49579831932772,
      258.12324929971993,
      275.0700280112045,
      289.07563025210084,
      303.3613445378151,
      315.4061624649859,
      324.6498599439776,
      333.47338935574226,
      345.2380952380952,
      357.9831932773109,
      374.2296918767507,
      391.87675070028007,
      409.9439775910364,
      425.4901960784314,
      443.83753501400554,
      461.62464985994393,
      481.203081232493,
      504.8501400560224,
      517.9607843137255,
      536.0532212885154,
      551.9215686274509,
      571.9803921568628,
      589.7955182072828,
      602.2254901960783,
      618.1386554621848,
      636.126050420168,
      660.3417366946778,
      673.3851540616247,
      686.2296918767507,
      716.8823529411764,
      730.7759103641456,
      748.8081232492997,
      771.550420168067,
      779.5056022408963,
      800.047619047619
    ],
    "wage_indexed": [
      100.0,
      109.28462709284625,
      117.50380517503804,
      122.67884322678843,
      127.54946727549468,
      131.05022831050226,
      134.70319634703196,
      137.29071537290713,
      141.40030441400302,
      146.87975646879755,
      152.51141552511413,
      157.83866057838657,
      161.94824961948248,
      166.3622526636225,
      170.4718417047184,
      174.73363774733636,
      180.517503805175,
      187.06240487062402,
      194.67275494672754,
      201.97869101978688,
      209.13242009132418,
      217.50380517503802,
      224.6575342465753,
      231.65905631659055,
      236.07305936073058,
      242.0091324200913,
      249.92389649923896,
      260.12176560121765,
      270.01522070015216,
      279.9086757990867,
      287.3668188736682,
      294.2161339421613,
      298.17351598173514,
      303.5007610350076,
      310.3500761035007,
      316.5905631659056,
      324.3531202435312,
      332.11567732115674,
      340.3348554033485,
      352.05479452054794,
      363.9269406392694,
      383.10502283105023,
      409.5890410958904,
      430.89802130898016,
      450.6849315068493,
      468.79756468797564
    ]
  },
  "education": {
    "years": [
      1993,
      1994,
      1995,
      1996,
      1997,
      1998,
      1999,
      2000,
      2001,
      2002,
      2003,
      2004,
      2005,
      2006,
      2007,
      2008,
      2009,
      2010,
      2011,
      2012,
      2013,
      2014,
      2015,
      2016,
      2017,
      2018,
      2019,
      2020,
      2021,
      2022,
      2023,
      2024,
      2025
    ],
    "education_indexed": [
      100.0,
      106.57030223390277,
      112.74638633377137,
      119.053876478318,
      124.96714848883047,
      131.4060446780552,
      137.45072273324573,
      144.41524310118268,
      151.6425755584757,
      160.57818659658346,
      171.09067017082788,
      183.44283837056506,
      195.0065703022339,
      207.4901445466492,
      219.6701708278581,
      232.5492772667543,
      245.33639947437584,
      256.8764783180026,
      267.6307490144547,
      279.56898817345603,
      290.9014454664915,
      299.70170827858084,
      310.946123521682,
      321.35085413929045,
      329.760840998686,
      336.33245729303553,
      345.5466491458607,
      353.13797634691196,
      357.63074901445464,
      365.33902759526944,
      377.7345597897504,
      387.03679369250995,
      401.8672798948752
    ],
    "wage_indexed": [
      100.0,
      102.47026532479413,
      105.03202195791401,
      108.50869167429093,
      112.44281793229642,
      117.01738334858187,
      121.40896614821592,
      125.70905763952425,
      130.74107959743824,
      135.04117108874658,
      139.2497712717292,
      141.90301921317473,
      145.4711802378774,
      150.2287282708143,
      156.35864592863678,
      162.30558096980786,
      168.25251601097898,
      172.7355901189387,
      176.8526989935956,
      179.23147301006406,
      182.43366880146388,
      186.5507776761208,
      190.30192131747486,
      194.96797804208597,
      199.63403476669717,
      204.57456541628548,
      211.61939615736506,
      218.75571820677035,
      230.28362305580973,
      246.2031107044831,
      259.0118938700823,
      270.90576395242454,
      281.7932296431839
    ]
  },
  "food": {
    "years": [
      1980,
      1981,
      1982,
      1983,
      1984,
      1985,
      1986,
      1987,
      1988,
      1989,
      1990,
      1991,
      1992,
      1993,
      1994,
      1995,
      1996,
      1997,
      1998,
      1999,
      2000,
      2001,
      2002,
      2003,
      2004,
      2005,
      2006,
      2007,
      2008,
      2009,
      2010,
      2011,
      2012,
      2013,
      2014,
      2015,
      2016,
      2017,
      2018,
      2019,
      2020,
      2021,
      2022,
      2023,
      2024,
      2025
    ],